name,email,phone,birthdate,cpf,address_1,address_2,zipcode,state,city,district,contact_name,contact_cpf
Maria Eduarda Lopes,teste@teste.com,(55) 84932-5460,20/10/1957,73689415209,Rua Teste 1,,06162150,SP,,Bairro 1,,
Rebeca Aragão,,(55) 84917-3862,15/10/1968,28597306483,Rua Teste 2,,06162151,SP,,Bairro 2,,
Dante Rios,,(55) 61976-8064,06/12/1944,32548690792,Rua Teste 3,,06162152,SP,,Bairro 3,,
Antony Da Cruz,,(55) 84962-1929,08/10/1993,60395874238,Rua Teste 4,,06162153,SP,,Bairro 4,,
Maria Alice Sá,,(55) 11970-9479,08/03/1983,,Rua Teste 5,,06162154,SP,,Bairro 5,,
Stella Montenegro,,(55) 51915-8204,13/08/1990,,Rua Teste 6,,06162155,SP,,Bairro 6,,
Maria Júlia Melo,,(55) 21919-1893,24/08/1954,,Rua Teste 7,,06162156,SP,,Bairro 7,,
Enzo Araújo,,(55) 71964-2426,17/04/1997,56429871002,Rua Teste 8,,06162157,SP,,Bairro 8,,
Emanuella Vieira,,(55) 11983-9086,16/02/1976,,Rua Teste 9,,06162158,SP,,Bairro 9,,
Thales Abreu,teste@teste.com,(55) 81936-8638,20/06/1998,78912346555,Rua Teste 10,,06162159,SP,,Bairro 10,Teste Pai,
João Barbosa,,(55) 11952-3848,17/09/1981,24175903879,Rua Teste 11,,06162160,SP,,Bairro 11,,
Maitê Castro,,(55) 51906-2975,15/04/1986,30962741850,Rua Teste 12,,06162161,SP,,Bairro 12,,
Esther Peixoto,,(55) 81983-6378,24/02/1985,43159782050,Rua Teste 13,,06162162,SP,,Bairro 13,,
Rafaela Nunes,,(55) 41930-9563,29/05/1969,52019846306,Rua Teste 14,,06162163,SP,,Bairro 14,Teste Mãe,
Yago Oliveira,teste@teste.com,(55) 84910-1882,13/09/2001,98657230186,Rua Teste 15,,06162164,SP,,Bairro 15,,
Melina Nascimento,,(55) 11949-3146,08/10/1990,43295087105,Rua Teste 16,,06162165,SP,,Bairro 16,,
Bruno Da Cunha,,(55) 51913-9453,29/06/1979,97824106594,Rua Teste 17,,06162166,SP,,Bairro 17,,
Rafaela Duarte,,(55) 31947-1133,01/05/1960,,Rua Teste 18,,06162167,SP,,Bairro 18,,
Marcela Pires,,(55) 11995-4786,19/03/1991,10857246380,Rua Teste 19,,06162168,SP,,Bairro 19,,
Maria Eduarda Machado,teste@teste.com,(55) 31939-4629,28/11/1968,,Rua Teste 20,,06162169,SP,,Bairro 20,,
